{"2022-23":{"five":{"22ECSC301":[{"A":{"Average":"7.74","S":7,"A":7,"B":10,"C":11,"D":22,"Total":57},"D":{"Average":"11.97","S":17,"A":20,"B":18,"C":10,"D":7,"Total":72},"B":{"Average":"6.48","S":7,"A":10,"B":5,"C":16,"D":35,"Total":73},"C":{"Average":"9.23","S":3,"A":15,"B":21,"C":13,"D":8,"Total":60},"E":{"Average":"8.20","S":6,"A":9,"B":1,"C":12,"D":38,"Total":66}},{"A":{"Average":"7.74","S":7,"A":7,"B":10,"C":11,"D":22,"Total":57},"E":{"Average":"8.20","S":6,"A":9,"B":1,"C":12,"D":38,"Total":66},"B":{"Average":"6.48","S":7,"A":10,"B":5,"C":16,"D":35,"Total":73},"C":{"Average":"9.23","S":3,"A":15,"B":21,"C":13,"D":8,"Total":60}},{"D":{"Average":"11.97","S":17,"A":20,"B":18,"C":10,"D":7,"Total":72},"B":{"Average":"7.74","S":7,"A":7,"B":10,"C":11,"D":22,"Total":57},"A":{"Average":"7.74","S":7,"A":7,"B":10,"C":11,"D":22,"Total":57},"E":{"Average":"8.20","S":6,"A":9,"B":1,"C":12,"D":38,"Total":66},"C":{"Average":"7.74","S":7,"A":7,"B":10,"C":11,"D":22,"Total":57}}],"22ECSC306":[{"A":{"Average":"11.45","S":11,"A":26,"B":12,"C":4,"D":7,"Total":60},"B":{"Average":"10.95","S":8,"A":33,"B":15,"C":9,"D":8,"Total":73},"C":{"Average":"12.05","S":8,"A":32,"B":12,"C":6,"D":4,"Total":62},"E":{"Average":"8.78","S":1,"A":20,"B":12,"C":21,"D":11,"Total":65}},{"A":{"Average":"10.67","S":7,"A":21,"B":11,"C":11,"D":7,"Total":57},"B":{"Average":"3.23","S":5,"A":6,"B":2,"C":7,"D":53,"Total":73},"C":{"Average":"11.68","S":5,"A":33,"B":11,"C":8,"D":3,"Total":60},"D":{"Average":"11.32","S":12,"A":27,"B":12,"C":15,"D":6,"Total":72},"E":{"Average":"8.15","S":3,"A":16,"B":13,"C":17,"D":17,"Total":66}},{"A":{"Average":"10.67","S":7,"A":21,"B":11,"C":11,"D":7,"Total":57},"B":{"Average":"3.23","S":5,"A":6,"B":2,"C":7,"D":53,"Total":73},"C":{"Average":"11.68","S":5,"A":33,"B":11,"C":8,"D":3,"Total":60},"D":{"Average":"11.32","S":12,"A":27,"B":12,"C":15,"D":6,"Total":72},"E":{"Average":"8.15","S":3,"A":16,"B":13,"C":17,"D":17,"Total":66}}],"19ECSC302":[{"A":{"Average":"10.09","S":4,"A":18,"B":22,"C":6,"D":7,"Total":57},"B":{"Average":"11.45","S":11,"A":26,"B":12,"C":4,"D":7,"Total":60},"D":{"Average":"10.67","S":7,"A":21,"B":11,"C":11,"D":7,"Total":57},"E":{"Average":"8.78","S":1,"A":17,"B":20,"C":16,"D":12,"Total":66},"C":{"Average":"9.84","S":8,"A":16,"B":14,"C":6,"D":13,"Total":57}},{"A":{"Average":"9.84","S":8,"A":16,"B":14,"C":6,"D":13,"Total":57},"C":{"Average":"10.10","S":7,"A":23,"B":11,"C":5,"D":14,"Total":60},"D":{"Average":"12.17","S":17,"A":24,"B":16,"C":10,"D":5,"Total":72},"E":{"Average":"8.02","S":6,"A":6,"B":10,"C":21,"D":24,"Total":67}},{"A":{"Average":"10.67","S":7,"A":21,"B":11,"C":11,"D":7,"Total":57},"B":{"Average":"10.67","S":7,"A":21,"B":11,"C":11,"D":7,"Total":57}}],"17ECSC302":[{"A":{"Average":"10.33","S":19,"A":8,"B":19,"C":10,"D":7,"Total":63},"B":{"Average":"10.21","S":12,"A":22,"B":6,"C":19,"D":20,"Total":79},"C":{"Average":"7.74","S":7,"A":7,"B":10,"C":11,"D":22,"Total":57},"D":{"Average":"10.67","S":7,"A":21,"B":11,"C":11,"D":7,"Total":57},"E":{"Average":"8.78","S":1,"A":34,"B":5,"C":12,"D":15,"Total":67}},{"A":{"Average":"10.33","S":19,"A":8,"B":19,"C":10,"D":7,"Total":63},"B":{"Average":"10.21","S":12,"A":22,"B":6,"C":19,"D":20,"Total":79},"C":{"Average":"12.13","S":5,"A":24,"B":9,"C":12,"D":10,"Total":60},"D":{"Average":"10.69","S":16,"A":10,"B":12,"C":9,"D":22,"Total":69},"E":{"Average":"8.78","S":1,"A":34,"B":5,"C":12,"D":15,"Total":67}},{"A":{"Average":"9.84","S":8,"A":16,"B":14,"C":6,"D":13,"Total":57}}],"22ECSE315":[{"A":{"Average":"9.84","S":8,"A":16,"B":14,"C":6,"D":13,"Total":57},"B":{"Average":"7.74","S":7,"A":7,"B":10,"C":11,"D":22,"Total":57},"C":{"Average":"12.30","S":5,"A":34,"B":16,"C":5,"D":0,"Total":60},"D":{"Average":"10.69","S":6,"A":29,"B":16,"C":14,"D":7,"Total":72},"E":{"Average":"8.78","S":1,"A":17,"B":20,"C":16,"D":12,"Total":66}},{"A":{"Average":"11.45","S":11,"A":26,"B":12,"C":4,"D":7,"Total":60},"B":{"Average":"10.95","S":8,"A":33,"B":15,"C":9,"D":8,"Total":73},"C":{"Average":"12.05","S":8,"A":32,"B":12,"C":6,"D":4,"Total":62},"D":{"Average":"11.51","S":10,"A":31,"B":13,"C":12,"D":6,"Total":72},"E":{"Average":"8.78","S":1,"A":20,"B":12,"C":21,"D":11,"Total":65}},{"A":{"Average":"10.67","S":7,"A":21,"B":11,"C":11,"D":7,"Total":57},"B":{"Average":"3.23","S":5,"A":6,"B":2,"C":7,"D":53,"Total":73},"C":{"Average":"11.68","S":5,"A":33,"B":11,"C":8,"D":3,"Total":60},"D":{"Average":"11.32","S":12,"A":27,"B":12,"C":15,"D":6,"Total":72},"E":{"Average":"8.15","S":3,"A":16,"B":13,"C":17,"D":17,"Total":66}}],"22ECSE303":[{"A":{"Average":"7.74","S":7,"A":7,"B":10,"C":11,"D":22,"Total":57},"B":{"Average":"6.48","S":7,"A":10,"B":5,"C":16,"D":35,"Total":73},"C":{"Average":"9.23","S":3,"A":15,"B":21,"C":13,"D":8,"Total":60},"D":{"Average":"11.97","S":17,"A":20,"B":18,"C":10,"D":7,"Total":72},"E":{"Average":"8.20","S":6,"A":9,"B":1,"C":12,"D":38,"Total":66}},{"A":{"Average":"10.09","S":4,"A":18,"B":22,"C":6,"D":7,"Total":57},"C":{"Average":"12.30","S":5,"A":34,"B":16,"C":5,"D":0,"Total":60},"D":{"Average":"10.69","S":6,"A":29,"B":16,"C":14,"D":7,"Total":72},"E":{"Average":"8.78","S":1,"A":17,"B":20,"C":16,"D":12,"Total":66}},{"A":{"Average":"10.67","S":7,"A":21,"B":11,"C":11,"D":7,"Total":57},"B":{"Average":"3.23","S":5,"A":6,"B":2,"C":7,"D":53,"Total":73},"C":{"Average":"11.68","S":5,"A":33,"B":11,"C":8,"D":3,"Total":60},"D":{"Average":"11.32","S":12,"A":27,"B":12,"C":15,"D":6,"Total":72},"E":{"Average":"8.15","S":3,"A":16,"B":13,"C":17,"D":17,"Total":66}}]},"four":{"21ECSC210":[{"A":{"Average":"10.09","S":4,"A":18,"B":22,"C":6,"D":7,"Total":57},"B":{"Average":"0.00","S":0,"A":0,"B":0,"C":0,"D":73,"Total":73},"C":{"Average":"12.30","S":5,"A":34,"B":16,"C":5,"D":0,"Total":60},"D":{"Average":"10.69","S":6,"A":29,"B":16,"C":14,"D":7,"Total":72},"E":{"Average":"8.78","S":1,"A":17,"B":20,"C":16,"D":12,"Total":66}},{},{}],"20EMAB209":[{},{},{}],"20ECSC204":[{},{},{}],"19ECSC203":[{},{},{}],"18ECSC202":[{},{},{}]},"seven":{"17ECSC401":[{},{},{}],"20ECSC402":[{},{},{}]},"eight":{"22ECSC600":[{"A":{"Average":"8.02","S":6,"A":6,"B":10,"C":21,"D":24,"Total":67}},{},{}]},"three":{"15EMAB204":[{"A":{"Average":"10.21","S":4,"A":19,"B":21,"C":6,"D":7,"Total":57}},{"A":{"Average":"9.84","S":8,"A":16,"B":14,"C":6,"D":13,"Total":57},"B":{"Average":"9.18","S":7,"A":24,"B":4,"C":16,"D":21,"Total":72},"C":{"Average":"10.10","S":7,"A":23,"B":11,"C":5,"D":14,"Total":60},"D":{"Average":"12.17","S":17,"A":24,"B":16,"C":10,"D":5,"Total":72},"E":{"Average":"8.02","S":6,"A":6,"B":10,"C":21,"D":24,"Total":67}},{}],"19ECSC202":[{},{},{}],"20ECSC205":[{},{},{}],"21ECSC201":[{},{},{}],"15ECSC208":[{"A":{"Average":"10.67","S":7,"A":21,"B":11,"C":11,"D":7,"Total":57},"B":{"Average":"3.23","S":5,"A":6,"B":2,"C":7,"D":53,"Total":73},"C":{"Average":"11.68","S":5,"A":33,"B":11,"C":8,"D":3,"Total":60},"D":{"Average":"9.84","S":8,"A":16,"B":14,"C":6,"D":13,"Total":57},"E":{"Average":"8.15","S":3,"A":16,"B":13,"C":17,"D":17,"Total":66}},{"A":{"Average":"10.67","S":7,"A":21,"B":11,"C":11,"D":7,"Total":57},"B":{"Average":"3.23","S":5,"A":6,"B":2,"C":7,"D":53,"Total":73},"C":{"Average":"11.68","S":5,"A":33,"B":11,"C":8,"D":3,"Total":60},"D":{"Average":"11.32","S":12,"A":27,"B":12,"C":15,"D":6,"Total":72},"E":{"Average":"8.15","S":3,"A":16,"B":13,"C":17,"D":17,"Total":66}},{"A":{"Average":"10.21","S":4,"A":19,"B":21,"C":6,"D":7,"Total":57},"B":{"Average":"10.21","S":4,"A":19,"B":21,"C":6,"D":7,"Total":57},"C":{"Average":"10.21","S":4,"A":19,"B":21,"C":6,"D":7,"Total":57}}]},"six":{"20ECSC303":[{},{},{}],"20ECSC305":[{},{},{}],"15EHSC301":[{},{},{}],"21ECSC307":[{},{},{}]}},"2020-21":{"five":{"22ECSC301":[{"A":{"Average":"11.45","S":11,"A":26,"B":12,"C":4,"D":7,"Total":60},"B":{"Average":"10.95","S":8,"A":33,"B":15,"C":9,"D":8,"Total":73},"C":{"Average":"12.05","S":8,"A":32,"B":12,"C":6,"D":4,"Total":62},"D":{"Average":"11.51","S":10,"A":31,"B":13,"C":12,"D":6,"Total":72},"E":{"Average":"8.78","S":1,"A":20,"B":12,"C":21,"D":11,"Total":65}},{"A":{"Average":"9.84","S":8,"A":16,"B":14,"C":6,"D":13,"Total":57},"B":{"Average":"9.18","S":7,"A":24,"B":4,"C":16,"D":21,"Total":72},"C":{"Average":"10.10","S":7,"A":23,"B":11,"C":5,"D":14,"Total":60},"D":{"Average":"12.17","S":17,"A":24,"B":16,"C":10,"D":5,"Total":72},"E":{"Average":"8.02","S":6,"A":6,"B":10,"C":21,"D":24,"Total":67}},{}],"22ECSC306":[{"A":{"Average":"10.09","S":4,"A":18,"B":22,"C":6,"D":7,"Total":57},"B":{"Average":"10.67","S":7,"A":21,"B":11,"C":11,"D":7,"Total":57},"C":{"Average":"12.30","S":5,"A":34,"B":16,"C":5,"D":0,"Total":60},"D":{"Average":"10.69","S":6,"A":29,"B":16,"C":14,"D":7,"Total":72},"E":{"Average":"8.78","S":1,"A":17,"B":20,"C":16,"D":12,"Total":66}},{"A":{"Average":"7.74","S":7,"A":7,"B":10,"C":11,"D":22,"Total":57},"B":{"Average":"6.48","S":7,"A":10,"B":5,"C":16,"D":35,"Total":73},"C":{"Average":"9.23","S":3,"A":15,"B":21,"C":13,"D":8,"Total":60},"D":{"Average":"11.97","S":17,"A":20,"B":18,"C":10,"D":7,"Total":72},"E":{"Average":"8.20","S":6,"A":9,"B":1,"C":12,"D":38,"Total":66}},{}],"19ECSC302":[{"A":{"Average":"9.84","S":8,"A":16,"B":14,"C":6,"D":13,"Total":57},"B":{"Average":"9.18","S":7,"A":24,"B":4,"C":16,"D":21,"Total":72},"C":{"Average":"10.10","S":7,"A":23,"B":11,"C":5,"D":14,"Total":60},"D":{"Average":"12.17","S":17,"A":24,"B":16,"C":10,"D":5,"Total":72},"E":{"Average":"8.02","S":6,"A":6,"B":10,"C":21,"D":24,"Total":67}},{"A":{"Average":"7.74","S":7,"A":7,"B":10,"C":11,"D":22,"Total":57},"B":{"Average":"6.48","S":7,"A":10,"B":5,"C":16,"D":35,"Total":73},"C":{"Average":"9.23","S":3,"A":15,"B":21,"C":13,"D":8,"Total":60},"D":{"Average":"11.97","S":17,"A":20,"B":18,"C":10,"D":7,"Total":72},"E":{"Average":"8.20","S":6,"A":9,"B":1,"C":12,"D":38,"Total":66}},{}],"17ECSC302":[{"A":{"Average":"10.67","S":7,"A":21,"B":11,"C":11,"D":7,"Total":57},"B":{"Average":"3.23","S":5,"A":6,"B":2,"C":7,"D":53,"Total":73},"C":{"Average":"11.68","S":5,"A":33,"B":11,"C":8,"D":3,"Total":60},"D":{"Average":"11.32","S":12,"A":27,"B":12,"C":15,"D":6,"Total":72},"E":{"Average":"8.15","S":3,"A":16,"B":13,"C":17,"D":17,"Total":66}},{"A":{"Average":"7.74","S":7,"A":7,"B":10,"C":11,"D":22,"Total":57},"B":{"Average":"6.48","S":7,"A":10,"B":5,"C":16,"D":35,"Total":73},"C":{"Average":"9.23","S":3,"A":15,"B":21,"C":13,"D":8,"Total":60},"D":{"Average":"11.97","S":17,"A":20,"B":18,"C":10,"D":7,"Total":72},"E":{"Average":"8.20","S":6,"A":9,"B":1,"C":12,"D":38,"Total":66}},{}],"22ECSE315":[{"A":{"Average":"10.09","S":4,"A":18,"B":22,"C":6,"D":7,"Total":57},"B":{"Average":"9.84","S":8,"A":16,"B":14,"C":6,"D":13,"Total":57},"C":{"Average":"12.30","S":5,"A":34,"B":16,"C":5,"D":0,"Total":60},"D":{"Average":"10.69","S":6,"A":29,"B":16,"C":14,"D":7,"Total":72},"E":{"Average":"8.78","S":1,"A":17,"B":20,"C":16,"D":12,"Total":66}},{"A":{"Average":"11.45","S":11,"A":26,"B":12,"C":4,"D":7,"Total":60},"B":{"Average":"10.95","S":8,"A":33,"B":15,"C":9,"D":8,"Total":73},"C":{"Average":"12.05","S":8,"A":32,"B":12,"C":6,"D":4,"Total":62},"D":{"Average":"11.51","S":10,"A":31,"B":13,"C":12,"D":6,"Total":72},"E":{"Average":"8.78","S":1,"A":20,"B":12,"C":21,"D":11,"Total":65}},{}],"22ECSE303":[{"A":{"Average":"7.74","S":7,"A":7,"B":10,"C":11,"D":22,"Total":57},"B":{"Average":"6.48","S":7,"A":10,"B":5,"C":16,"D":35,"Total":73},"C":{"Average":"9.23","S":3,"A":15,"B":21,"C":13,"D":8,"Total":60},"D":{"Average":"11.97","S":17,"A":20,"B":18,"C":10,"D":7,"Total":72},"E":{"Average":"8.20","S":6,"A":9,"B":1,"C":12,"D":38,"Total":66}},{"A":{"Average":"7.74","S":7,"A":7,"B":10,"C":11,"D":22,"Total":57},"B":{"Average":"6.48","S":7,"A":10,"B":5,"C":16,"D":35,"Total":73},"C":{"Average":"9.23","S":3,"A":15,"B":21,"C":13,"D":8,"Total":60},"D":{"Average":"11.97","S":17,"A":20,"B":18,"C":10,"D":7,"Total":72},"E":{"Average":"8.20","S":6,"A":9,"B":1,"C":12,"D":38,"Total":66}},{}]},"four":{"21ECSC210":[{},{},{}],"20EMAB209":[{},{},{}],"20ECSC204":[{},{},{}],"19ECSC203":[{},{},{}],"18ECSC202":[{},{},{}]},"seven":{"17ECSC401":[{},{},{}],"20ECSC402":[{},{},{}]},"eight":{"22ECSC600":[{},{},{}]},"three":{"15EMAB204":[{},{},{}],"19ECSC202":[{},{},{}],"20ECSC205":[{},{},{}],"21ECSC201":[{},{},{}],"15ECSC208":[{},{},{}]},"six":{"20ECSC303":[{},{},{}],"20ECSC305":[{},{},{}],"15EHSC301":[{},{},{}],"21ECSC307":[{},{},{}]}}}
