[{"Sl_no":1,"USN":"01fe21bcs417","Name":"Manjunath","Sem":7,"div":"B","CourseId":"17ECSC401","CourseName":"DSA lab","CIE":15,"Attendance":85},{"Sl_no":2,"USN":"01fe21bcs429","Name":"jithu","Sem":7,"div":"B","CourseId":"20ECSE402","CourseName":"COA lab","CIE":35,"Attendance":30},{"Sl_no":3,"USN":"01fe21bcs406","Name":"pranali","Sem":7,"div":"D","CourseId":"18ECSE402","CourseName":"Machine Learning lab","CIE":15,"Attendance":30},{"Sl_no":4,"USN":"01fe21bcs421","Name":"nasreen","Sem":7,"div":"D","CourseId":"19ECSE401","CourseName":"System Software lab","CIE":45,"Attendance":10},{"Sl_no":5,"USN":"01fe21bcs410","Name":"shidhrath","Sem":7,"div":"D","CourseId":"20ECSE504","CourseName":"Expolatory data analysis","CIE":0,"Attendance":95},{"Sl_no":6,"USN":"01fe21bcs230","Name":"sanjivini","Sem":7,"div":"D","CourseId":"17ECSC401","CourseName":"Machine Learning lab","CIE":30,"Attendance":65},{"Sl_no":7,"USN":"01fe21bcs229","Name":"prajwal","Sem":7,"div":"E","CourseId":"20ECSE402","CourseName":"Machine Learning lab","CIE":49,"Attendance":5},{"Sl_no":8,"USN":"01fe21bcs220","Name":"pooja","Sem":7,"div":"E","CourseId":"18ECSE402","CourseName":"DSA lab","CIE":15,"Attendance":85},{"Sl_no":9,"USN":"01fe21bcs420","Name":"anuradha","Sem":7,"div":"A","CourseId":"19ECSE401","CourseName":"OOPP lab","CIE":10,"Attendance":85},{"Sl_no":10,"USN":"01fe21bcs221","Name":"manoj","Sem":7,"div":"C","CourseId":"20ECSE504","CourseName":"Machine Learning lab","CIE":15,"Attendance":30}]